Num_episode;Title;Type;Year_launch;Rate;Votes;Saga;Airdate
1;Homecoming;Mixed Canon/Filler;2007;8.2;728;s1 Kazekage Rescue;15/2/2007
2;The Akatsuki Makes Its Move;Mixed Canon/Filler;2007;8;575;s1 Kazekage Rescue;15/2/2007
3;The Results of Training;Mixed Canon/Filler;2007;8;508;s1 Kazekage Rescue;22/2/2007
4;The Jinchuriki of the Sand;Mixed Canon/Filler;2007;8.2;517;s1 Kazekage Rescue;1/3/2007
5;The Kazekage Stands Tall;Mixed Canon/Filler;2007;8.2;486;s1 Kazekage Rescue;15/3/2007
6;Mission Cleared;Mixed Canon/Filler;2007;8.2;480;s1 Kazekage Rescue;29/3/2007
7;Run, Kankuro;Mixed Canon/Filler;2007;7.8;457;s1 Kazekage Rescue;29/3/2007
8;Team Kakashi, Deployed;Mixed Canon/Filler;2007;7.7;437;s1 Kazekage Rescue;12/4/2007
9;The Jinchuriki's Tears;Mixed Canon/Filler;2007;7.6;434;s1 Kazekage Rescue;12/4/2007
10;Sealing Jutsu: Nine Phantom Dragons;Mixed Canon/Filler;2007;7.5;424;s1 Kazekage Rescue;19/4/2007
11;The Medical Ninja's Student;Mixed Canon/Filler;2007;7.7;425;s1 Kazekage Rescue;26/4/2007
12;The Retired Granny's Determination;Mixed Canon/Filler;2007;7.9;425;s1 Kazekage Rescue;3/5/2007
13;A Meeting With Destiny;Mixed Canon/Filler;2007;8.1;432;s1 Kazekage Rescue;10/5/2007
14;Naruto's Growth;Mixed Canon/Filler;2007;8.3;452;s1 Kazekage Rescue;17/5/2007
15;The Secret Weapon is Called....;Mixed Canon/Filler;2007;8.4;447;s1 Kazekage Rescue;24/5/2007
16;The Secret of Jinchuriki;Mixed Canon/Filler;2007;7.6;403;s1 Kazekage Rescue;31/5/2007
17;The Death of Gaara!;Mixed Canon/Filler;2007;7.8;405;s1 Kazekage Rescue;7/6/2007
18;Charge Tactic! Button Hook Entry!!;Mixed Canon/Filler;2007;7.7;407;s1 Kazekage Rescue;21/6/2007
19;Traps Activate! Team Guy's Enemies;Mixed Canon/Filler;2007;7.8;399;s1 Kazekage Rescue;5/7/2007
20;Hiruko vs. Two Kunoichi!;Manga Canon;2007;8.1;427;s1 Kazekage Rescue;19/7/2007
21;Sasori's Real Face;Manga Canon;2007;8.1;421;s1 Kazekage Rescue;26/7/2007
22;Chiyo's Secret Skills;Manga Canon;2007;7.9;413;s1 Kazekage Rescue;2/8/2007
23;Father and Mother;Manga Canon;2007;7.9;410;s1 Kazekage Rescue;2/8/2007
24;The Third Kazekage;Mixed Canon/Filler;2007;8.1;418;s1 Kazekage Rescue;9/8/2007
25;Three Minutes Between Life and Death;Mixed Canon/Filler;2007;7.9;414;s1 Kazekage Rescue;16/8/2007
26;Puppet Fight: 10 vs. 100!;Manga Canon;2007;8.4;656;s1 Kazekage Rescue;23/8/2007
27;Impossible Dream;Manga Canon;2007;8.5;474;s1 Kazekage Rescue;30/8/2007
28;Beasts! Alive Again!;Filler;2007;7.1;367;s1 Kazekage Rescue;13/9/2007
29;Kakashi Enlightened!;Manga Canon;2007;8.1;402;s1 Kazekage Rescue;27/9/2007
30;Aesthetics of an Instant;Manga Canon;2007;8.4;439;s1 Kazekage Rescue;27/9/2007
31;The Legacy!;Manga Canon;2007;8.5;675;s1 Kazekage Rescue;18/10/2007
32;Return of the Kazekage;Manga Canon;2007;7.9;405;s1 Kazekage Rescue;25/10/2007
33;The New Target;Manga Canon;2007;7.7;374;s2 Long-Awaited Reunion;8/11/2007
34;Formation! New Team Kakashi!;Manga Canon;2007;7.2;362;s2 Long-Awaited Reunion;15/11/2007
35;An Unnecessary Addition;Manga Canon;2007;7.3;364;s2 Long-Awaited Reunion;22/11/2007
36;The Fake Smile;Manga Canon;2007;7.2;362;s2 Long-Awaited Reunion;29/11/2007
37;Untitled;Manga Canon;2007;7.1;361;s2 Long-Awaited Reunion;29/11/2007
38;Simulation;Manga Canon;2007;7.1;360;s2 Long-Awaited Reunion;6/12/2007
39;The Tenchi Bridge;Manga Canon;2007;7.8;379;s2 Long-Awaited Reunion;13/12/2007
40;Nine-Tails Unleashed;Manga Canon;2007;7.7;393;s2 Long-Awaited Reunion;20/12/2007
41;The Top-Secret Mission Begins;Manga Canon;2007;8;395;s2 Long-Awaited Reunion;20/12/2007
42;Orochimaru vs. Jinchuriki;Manga Canon;2008;8.5;459;s2 Long-Awaited Reunion;10/1/2008
43;Sakura's Tears;Manga Canon;2008;7.9;380;s2 Long-Awaited Reunion;17/1/2008
44;The Secret of the Battle!;Manga Canon;2008;7.4;354;s2 Long-Awaited Reunion;24/1/2008
45;The Consequences of Betrayal;Mixed Canon/Filler;2008;7.3;346;s2 Long-Awaited Reunion;31/1/2008
46;The Unfinished Page;Manga Canon;2008;7.3;347;s2 Long-Awaited Reunion;7/2/2008
47;Infiltration: The Den of the Snake!;Manga Canon;2008;7.4;348;s2 Long-Awaited Reunion;14/2/2008
48;Bonds;Manga Canon;2008;7.2;355;s2 Long-Awaited Reunion;28/2/2008
49;Something Important...;Mixed Canon/Filler;2008;7.5;360;s2 Long-Awaited Reunion;6/3/2008
50;The Picture Book's Story;Mixed Canon/Filler;2008;7.3;345;s2 Long-Awaited Reunion;13/3/2008
51;Reunion;Manga Canon;2008;7.5;358;s2 Long-Awaited Reunion;20/3/2008
52;The Power of the Uchiha;Manga Canon;2008;8;384;s2 Long-Awaited Reunion;20/3/2008
53;Title;Manga Canon;2008;7.5;364;s2 Long-Awaited Reunion;3/4/2008
54;Nightmare;Mixed Canon/Filler;2008;7.5;362;s3 Twelve Guardian Ninja;3/4/2008
55;Wind;Manga Canon;2008;7.9;363;s3 Twelve Guardian Ninja;17/4/2008
56;Squirming;Mixed Canon/Filler;2008;7.6;346;s3 Twelve Guardian Ninja;24/4/2008
57;Robbed of Sleep;Filler;2008;6.9;269;s3 Twelve Guardian Ninja;8/5/2008
58;Loneliness;Filler;2008;6.6;267;s3 Twelve Guardian Ninja;8/5/2008
59;A New Enemy;Filler;2008;6.5;262;s3 Twelve Guardian Ninja;15/5/2008
60;Impermanence;Filler;2008;6.7;256;s3 Twelve Guardian Ninja;22/5/2008
61;Contact;Filler;2008;6.7;259;s3 Twelve Guardian Ninja;29/5/2008
62;Teammate;Filler;2008;6.5;256;s3 Twelve Guardian Ninja;5/6/2008
63;The Two Kings;Filler;2008;6.6;253;s3 Twelve Guardian Ninja;19/6/2008
64;The Jet-Black Signal Fire;Filler;2008;6.6;250;s3 Twelve Guardian Ninja;3/7/2008
65;Lockdown of Darkness;Filler;2008;6.9;249;s3 Twelve Guardian Ninja;3/7/2008
66;Revived Souls;Filler;2008;6.7;250;s3 Twelve Guardian Ninja;10/7/2008
67;Everyone's Struggle to the Death;Filler;2008;6.8;247;s3 Twelve Guardian Ninja;24/7/2008
68;Moment of Awakening;Filler;2008;6.7;247;s3 Twelve Guardian Ninja;31/7/2008
69;Despair;Filler;2008;6.6;251;s3 Twelve Guardian Ninja;31/7/2008
70;Resonance;Filler;2008;6.6;253;s3 Twelve Guardian Ninja;7/8/2008
71;My Friend;Filler;2008;6.6;265;s3 Twelve Guardian Ninja;14/8/2008
72;The Quietly Approaching Threat;Manga Canon;2008;7.3;335;s4 Immortal Devastators;21/8/2008
73;Akatsuki's Invasion;Manga Canon;2008;7.7;360;s4 Immortal Devastators;28/8/2008
74;Under the Starry Sky;Manga Canon;2008;7.5;340;s4 Immortal Devastators;4/9/2008
75;The Old Monk's Prayer;Manga Canon;2008;7.4;334;s4 Immortal Devastators;11/9/2008
76;The Next Step;Manga Canon;2008;7.7;348;s4 Immortal Devastators;25/9/2008
77;Climbing Silver;Manga Canon;2008;8.3;382;s4 Immortal Devastators;25/9/2008
78;The Judgment;Manga Canon;2008;8.6;501;s4 Immortal Devastators;2/10/2008
79;Unfulfilled Scream;Manga Canon;2008;8.6;482;s4 Immortal Devastators;2/10/2008
80;Last Words;Manga Canon;2008;8.5;634;s4 Immortal Devastators;16/10/2008
81;Sad News;Manga Canon;2008;8.1;372;s4 Immortal Devastators;23/10/2008
82;Team Ten;Manga Canon;2008;8.6;569;s4 Immortal Devastators;30/10/2008
83;Target: Locked On;Manga Canon;2008;8.3;377;s4 Immortal Devastators;6/11/2008
84;Kakuzu's Abilities;Manga Canon;2008;8.5;427;s4 Immortal Devastators;13/11/2008
85;Terrifying Secret;Manga Canon;2008;8.4;518;s4 Immortal Devastators;20/11/2008
86;Shikamaru's Genius;Manga Canon;2008;8.4;589;s4 Immortal Devastators;4/12/2008
87;When You Curse Someone, You Dig Your Own Grave;Manga Canon;2008;8.6;730;s4 Immortal Devastators;4/12/2008
88;Wind Style: Rasen Shuriken!;Manga Canon;2008;8.4;617;s4 Immortal Devastators;11/12/2008
89;The Price of Power;Mixed Canon/Filler;2008;7.7;344;s5 The Three-Tailed Demon Turtle;18/12/2008
90;A Shinobi's Determination;Mixed Canon/Filler;2008;6.9;287;s5 The Three-Tailed Demon Turtle;25/12/2008
91;Orochimaru's Hideout Discovered;Filler;2009;7;260;s5 The Three-Tailed Demon Turtle;8/1/2009
92;Encounter;Filler;2009;6.7;256;s5 The Three-Tailed Demon Turtle;15/1/2009
93;Connecting Hearts;Filler;2009;6.5;253;s5 The Three-Tailed Demon Turtle;22/1/2009
94;A Night of Rain;Filler;2009;6.4;245;s5 The Three-Tailed Demon Turtle;29/1/2009
95;The Two Charms;Filler;2009;6.4;246;s5 The Three-Tailed Demon Turtle;5/2/2009
96;The Unseeing Enemy;Filler;2009;6.6;239;s5 The Three-Tailed Demon Turtle;12/2/2009
97;The Labyrinth of Distorted Reflection;Filler;2009;6.8;240;s5 The Three-Tailed Demon Turtle;19/2/2009
98;The Target Appears;Filler;2009;6.8;239;s5 The Three-Tailed Demon Turtle;26/2/2009
99;The Rampaging Tailed Beast;Filler;2009;6.8;244;s5 The Three-Tailed Demon Turtle;5/3/2009
100;Inside the Mist;Filler;2009;6.5;241;s5 The Three-Tailed Demon Turtle;12/3/2009
101;Everyone's Feelings;Filler;2009;6.4;239;s5 The Three-Tailed Demon Turtle;26/3/2009
102;Regroup!;Filler;2009;6.4;240;s5 The Three-Tailed Demon Turtle;26/3/2009
103;The Four-Corner Sealing Barrier;Filler;2009;6.7;240;s5 The Three-Tailed Demon Turtle;9/4/2009
104;Breaking the Crystal Style;Filler;2009;6.8;237;s5 The Three-Tailed Demon Turtle;9/4/2009
105;The Battle Over the Barrier;Filler;2009;6.4;241;s5 The Three-Tailed Demon Turtle;16/4/2009
106;Red Camellia;Filler;2009;6.6;239;s5 The Three-Tailed Demon Turtle;23/4/2009
107;Strange Bedfellows;Filler;2009;6.5;236;s5 The Three-Tailed Demon Turtle;30/4/2009
108;Guidepost of the Camellia;Filler;2009;6.4;237;s5 The Three-Tailed Demon Turtle;7/5/2009
109;Cursed Seal Counterattack;Filler;2009;6.3;235;s5 The Three-Tailed Demon Turtle;14/5/2009
110;Memory of Guilt;Filler;2009;6.6;238;s5 The Three-Tailed Demon Turtle;21/5/2009
111;Shattered Promise;Filler;2009;6.7;241;s5 The Three-Tailed Demon Turtle;28/5/2009
112;A Place to Return To;Mixed Canon/Filler;2009;6.9;251;s5 The Three-Tailed Demon Turtle;4/6/2009
113;The Serpent's Pupil;Manga Canon;2009;7.8;350;s6 Prophecy and Vengeance;11/6/2009
114;Eye of a Hawk;Manga Canon;2009;8.2;367;s6 Prophecy and Vengeance;18/6/2009
115;Zabuza's Blade;Mixed Canon/Filler;2009;7.4;323;s6 Prophecy and Vengeance;25/6/2009
116;Guardian of the Iron Wall;Manga Canon;2009;7.2;313;s6 Prophecy and Vengeance;2/7/2009
117;Jugo of the Northern Hideout;Manga Canon;2009;7.3;309;s6 Prophecy and Vengeance;9/7/2009
118;Formation!;Manga Canon;2009;7.2;311;s6 Prophecy and Vengeance;23/7/2009
119;Kakashi Chronicles: A Boy's Life on the Battlefield, Part 1;Manga Canon;2009;8.4;661;s6 Prophecy and Vengeance;30/7/2009
120;Kakashi Chronicles: A Boy's Life on the Battlefield, Part 2;Manga Canon;2009;8.9;977;s6 Prophecy and Vengeance;30/7/2009
121;Assemble;Manga Canon;2009;7.7;344;s6 Prophecy and Vengeance;6/8/2009
122;The Hunt;Manga Canon;2009;7.8;337;s6 Prophecy and Vengeance;13/8/2009
123;Clash!;Manga Canon;2009;8.5;482;s6 Prophecy and Vengeance;20/8/2009
124;Art;Manga Canon;2009;8.4;533;s6 Prophecy and Vengeance;27/8/2009
125;Disappearance;Manga Canon;2009;8.2;377;s6 Prophecy and Vengeance;3/9/2009
126;Twilight;Manga Canon;2009;8.4;398;s6 Prophecy and Vengeance;10/9/2009
127;Tales of a Gutsy Ninja ~Jiraiya Ninja Scroll~ Part 1;Mixed Canon/Filler;2009;8;358;s6 Prophecy and Vengeance;24/9/2009
128;Tales of a Gutsy Ninja ~Jiraiya Ninja Scroll~ Part 2;Mixed Canon/Filler;2009;8.5;434;s6 Prophecy and Vengeance;24/9/2009
129;Infiltrate! The Village Hidden in the Rain;Manga Canon;2009;8;350;s6 Prophecy and Vengeance;8/10/2009
130;The Man Who Became God;Manga Canon;2009;8.5;468;s6 Prophecy and Vengeance;8/10/2009
131;Honored Sage Mode!;Manga Canon;2009;8.5;697;s6 Prophecy and Vengeance;15/10/2009
132;In Attendance, the Six Paths of Pain;Manga Canon;2009;8.8;810;s6 Prophecy and Vengeance;22/10/2009
133;The Tale of Jiraiya the Gallant;Manga Canon;2009;9.5;2229;s6 Prophecy and Vengeance;29/10/2009
134;Banquet Invitation;Manga Canon;2009;8.3;380;s6 Prophecy and Vengeance;5/11/2009
135;The Longest Moment...;Manga Canon;2009;8.4;389;s6 Prophecy and Vengeance;19/11/2009
136;The Light & Dark of the Mangekyo Sharingan;Manga Canon;2009;8.6;738;s6 Prophecy and Vengeance;19/11/2009
137;Amaterasu!;Manga Canon;2009;8.8;875;s6 Prophecy and Vengeance;26/11/2009
138;The End;Manga Canon;2009;9.2;1154;s6 Prophecy and Vengeance;3/12/2009
139;The Mystery of Tobi;Manga Canon;2009;8.6;486;s6 Prophecy and Vengeance;10/12/2009
140;Fate;Manga Canon;2009;8.6;732;s6 Prophecy and Vengeance;17/12/2009
141;Truth;Manga Canon;2009;8.8;849;s6 Prophecy and Vengeance;24/12/2009
142;Battle of Unraikyo;Manga Canon;2010;7.9;330;s6 Prophecy and Vengeance;7/1/2010
143;The Eight Tails Vs. Sasuke;Manga Canon;2010;8.5;418;s6 Prophecy and Vengeance;14/1/2010
144;Wanderer;Filler;2010;6.2;234;s7 The Six-Tailed Demon Slug;21/1/2010
145;Successor of the Forbidden Jutsu;Filler;2010;6.2;228;s7 The Six-Tailed Demon Slug;28/1/2010
146;The Successor's Wish;Filler;2010;6.3;222;s7 The Six-Tailed Demon Slug;4/2/2010
147;Rogue Ninja's Past;Filler;2010;6.3;224;s7 The Six-Tailed Demon Slug;11/2/2010
148;Heir to Darkness;Filler;2010;6.2;221;s7 The Six-Tailed Demon Slug;18/2/2010
149;Separation;Filler;2010;6.4;220;s7 The Six-Tailed Demon Slug;25/2/2010
150;The Forbidden Jutsu Released;Filler;2010;6.4;224;s7 The Six-Tailed Demon Slug;4/3/2010
151;Master and Student;Filler;2010;6.5;233;s7 The Six-Tailed Demon Slug;11/3/2010
152;Somber News;Manga Canon;2010;8.2;353;s8 Two Saviors;25/3/2010
153;Following the Master's Shadow;Manga Canon;2010;8.5;397;s8 Two Saviors;25/3/2010
154;Decryption;Manga Canon;2010;7.9;336;s8 Two Saviors;8/4/2010
155;The First Challenge;Manga Canon;2010;7.9;337;s8 Two Saviors;8/4/2010
156;Surpassing the Master;Manga Canon;2010;7.7;335;s8 Two Saviors;15/4/2010
157;Assault On the Leaf Village!;Manga Canon;2010;8.1;353;s8 Two Saviors;22/4/2010
158;Power to Believe;Manga Canon;2010;8.4;377;s8 Two Saviors;29/4/2010
159;Pain Vs. Kakashi;Manga Canon;2010;8.9;909;s8 Two Saviors;6/5/2010
160;Mystery of Pain;Manga Canon;2010;8.4;381;s8 Two Saviors;13/5/2010
161;Surname Is Sarutobi! Given Name, Konohamaru!;Manga Canon;2010;8.5;413;s8 Two Saviors;20/5/2010
162;Pain to the World;Manga Canon;2010;8.8;816;s8 Two Saviors;27/5/2010
163;Explosion! Sage Mode;Manga Canon;2010;8.8;828;s8 Two Saviors;3/6/2010
164;Danger! Sage Mode Limit Reached;Manga Canon;2010;9.1;1053;s8 Two Saviors;10/6/2010
165;Nine Tails, Captured!;Manga Canon;2010;8.9;994;s8 Two Saviors;17/6/2010
166;Confessions;Manga Canon;2010;9.2;1135;s8 Two Saviors;24/6/2010
167;Planetary Devastation;Manga Canon;2010;9.2;1252;s8 Two Saviors;1/7/2010
168;Fourth Hokage;Manga Canon;2010;9.2;1174;s8 Two Saviors;15/7/2010
169;The Two Students;Manga Canon;2010;8.5;421;s8 Two Saviors;22/7/2010
170;Big Adventure! The Quest for the Fourth Hokage's Legacy, Part 1;Filler;2010;6.1;232;s8 Two Saviors;29/7/2010
171;Big Adventure! The Quest for the Fourth Hokage's Legacy, Part 2;Filler;2010;6;230;s8 Two Saviors;29/7/2010
172;Meeting;Manga Canon;2010;8;346;s8 Two Saviors;5/8/2010
173;Origin of Pain;Manga Canon;2010;8.5;402;s8 Two Saviors;12/8/2010
174;Tale of Naruto Uzumaki;Manga Canon;2010;8.5;516;s8 Two Saviors;19/8/2010
175;Hero of the Hidden Leaf;Manga Canon;2010;9;1075;s8 Two Saviors;26/8/2010
176;Rookie Instructor Iruka;Filler;2010;6.9;237;s9 The Locus Of Konoha;2/9/2010
177;Iruka's Ordeal;Filler;2010;6.7;225;s9 The Locus Of Konoha;9/9/2010
178;Iruka's Decision;Filler;2010;6.8;225;s9 The Locus Of Konoha;16/9/2010
179;Kakashi Hatake, the Jonin in Charge;Filler;2010;6.6;228;s9 The Locus Of Konoha;30/9/2010
180;Inari's Courage Put to the Test;Filler;2010;5.9;223;s9 The Locus Of Konoha;7/10/2010
181;Naruto's School of Revenge;Filler;2010;5.8;220;s9 The Locus Of Konoha;14/10/2010
182;Gaara's Bond;Filler;2010;6.5;219;s9 The Locus Of Konoha;21/10/2010
183;Naruto: Outbreak;Filler;2010;5.9;214;s9 The Locus Of Konoha;28/10/2010
184;Deploy! Team Tenten;Filler;2010;5.9;207;s9 The Locus Of Konoha;4/11/2010
185;Animal District;Filler;2010;5.3;225;s9 The Locus Of Konoha;11/11/2010
186;Ah, the Medicine of Youth;Filler;2010;5.9;209;s9 The Locus Of Konoha;18/11/2010
187;Gutsy Master and Student: The Training;Filler;2010;6.1;210;s9 The Locus Of Konoha;25/11/2010
188;Record of the Gutsy Ninja Master and Student;Filler;2010;6.1;205;s9 The Locus Of Konoha;25/11/2010
189;Sasuke's Paw Encyclopedia;Filler;2010;5.7;209;s9 The Locus Of Konoha;2/12/2010
190;Naruto and the Old Soldier;Filler;2010;6.2;214;s9 The Locus Of Konoha;9/12/2010
191;Kakashi Love Song;Filler;2010;6.3;210;s9 The Locus Of Konoha;16/12/2010
192;Neji Chronicles;Filler;2010;5.9;208;s9 The Locus Of Konoha;23/12/2010
193;The Man Who Died Twice;Filler;2011;6.1;206;s9 The Locus Of Konoha;6/1/2011
194;The Worst Three-Legged Race;Filler;2011;6.2;215;s9 The Locus Of Konoha;13/1/2011
195;Team 10's Teamwork;Filler;2011;5.8;208;s9 The Locus Of Konoha;20/1/2011
196;Drive Towards Darkness;Filler;2011;5.9;210;s9 The Locus Of Konoha;27/1/2011
197;The Sixth Hokage Danzo;Manga Canon;2011;7.5;306;s10 The Gathering of the Five Kage;10/2/2011
198;Five Kage Summit's Eve;Manga Canon;2011;7.6;299;s10 The Gathering of the Five Kage;10/2/2011
199;Enter the Five Kage!;Manga Canon;2011;7.5;298;s10 The Gathering of the Five Kage;17/2/2011
200;Naruto's Plea;Manga Canon;2011;7.7;308;s10 The Gathering of the Five Kage;24/2/2011
201;Painful Decision;Manga Canon;2011;8;316;s10 The Gathering of the Five Kage;3/3/2011
202;Racing Lightning;Manga Canon;2011;8.2;321;s10 The Gathering of the Five Kage;10/3/2011
203;Sasuke's Ninja Way;Manga Canon;2011;8.4;341;s10 The Gathering of the Five Kage;17/3/2011
204;Power of the Five Kage;Manga Canon;2011;8.3;324;s10 The Gathering of the Five Kage;24/3/2011
205;Declaration of War;Manga Canon;2011;8.3;322;s10 The Gathering of the Five Kage;31/3/2011
206;Sakura's Feelings;Manga Canon;2011;7.3;323;s10 The Gathering of the Five Kage;7/4/2011
207;The Tailed Beast vs. The Tailless Tailed Beast;Manga Canon;2011;8.3;325;s10 The Gathering of the Five Kage;14/4/2011
208;As One's Friend;Manga Canon;2011;7.7;308;s10 The Gathering of the Five Kage;21/4/2011
209;Danzo's Right Arm;Manga Canon;2011;8.5;373;s10 The Gathering of the Five Kage;28/4/2011
210;The Forbidden Visual Jutsu;Manga Canon;2011;8.4;364;s10 The Gathering of the Five Kage;5/5/2011
211;Danzo Shimura;Manga Canon;2011;8.4;520;s10 The Gathering of the Five Kage;12/5/2011
212;Sakura's Resolve;Manga Canon;2011;6.9;288;s10 The Gathering of the Five Kage;19/5/2011
213;Lost Bonds;Mixed Canon/Filler;2011;6.3;287;s10 The Gathering of the Five Kage;26/5/2011
214;The Burden;Manga Canon;2011;7.1;292;s10 The Gathering of the Five Kage;2/6/2011
215;Two Fates;Manga Canon;2011;7.4;297;s10 The Gathering of the Five Kage;9/6/2011
216;High-Level Shinobi;Manga Canon;2011;7.6;313;s10 The Gathering of the Five Kage;16/6/2011
217;The Infiltrator;Manga Canon;2011;7.5;292;s10 The Gathering of the Five Kage;23/6/2011
218;The Five Great Nations Mobilize;Manga Canon;2011;7.2;292;s10 The Gathering of the Five Kage;30/6/2011
219;Kakashi Hatake, The Hokage;Manga Canon;2011;8.1;330;s10 The Gathering of the Five Kage;7/7/2011
220;Prophecy of the Great Lord Elder;Manga Canon;2011;7.3;286;s10 The Gathering of the Five Kage;21/7/2011
221;Storage;Manga Canon;2011;7.9;299;s10 The Gathering of the Five Kage;28/7/2011
222;The Five Kage's Decision;Manga Canon;2011;7.2;278;s11 Paradise On The Ship;28/7/2011
223;The Young Man and the Sea;Filler;2011;5.8;218;s11 Paradise On The Ship;4/8/2011
224;The Ninja of Benisu;Filler;2011;5.6;210;s11 Paradise On The Ship;11/8/2011
225;The Cursed Ghost Ship;Filler;2011;5.4;212;s11 Paradise On The Ship;18/8/2011
226;Battleship Island;Filler;2011;5.2;235;s11 Paradise On The Ship;25/8/2011
227;The Forgotten Island;Filler;2011;5.4;211;s11 Paradise On The Ship;1/9/2011
228;Fight! Rock Lee!;Filler;2011;5.5;209;s11 Paradise On The Ship;8/9/2011
229;Eat or Die! Mushrooms from Hell;Filler;2011;5.3;213;s11 Paradise On The Ship;22/9/2011
230;Revenge of the Shadow Clones;Filler;2011;5.5;206;s11 Paradise On The Ship;29/9/2011
231;The Closed Route;Filler;2011;5.5;206;s11 Paradise On The Ship;6/10/2011
232;The Girls Get-Together;Filler;2011;6.5;209;s11 Paradise On The Ship;13/10/2011
233;Naruto's Imposter;Filler;2011;5.5;203;s11 Paradise On The Ship;20/10/2011
234;Naruto's Favorite Student;Filler;2011;6.3;216;s11 Paradise On The Ship;27/10/2011
235;The Kunoichi of Nadeshiko Village;Filler;2011;5.8;206;s11 Paradise On The Ship;3/11/2011
236;Friends You Can Count On;Filler;2011;5.9;200;s11 Paradise On The Ship;10/11/2011
237;Ah, My Hero Lady Tsunade!;Filler;2011;6.1;199;s11 Paradise On The Ship;24/11/2011
238;Sai's Day Off;Filler;2011;5.9;201;s11 Paradise On The Ship;1/12/2011
239;The Legendary Ino-Shika-Cho Trio;Filler;2011;6.1;204;s11 Paradise On The Ship;8/12/2011
240;Kiba's Determination;Filler;2011;5.8;203;s11 Paradise On The Ship;15/12/2011
241;Kakashi, My Eternal Rival!;Filler;2011;6.7;216;s11 Paradise On The Ship;22/12/2011
242;Naruto's Vow;Filler;2011;6.4;206;s11 Paradise On The Ship;28/12/2011
243;Land Ahoy! Is This the Island of Paradise?;Manga Canon;2012;7.1;288;s12 Nine-Tailed Fox Taming And Karmic Encounters;5/1/2012
244;Killer Bee and Motoi;Manga Canon;2012;7;295;s12 Nine-Tailed Fox Taming And Karmic Encounters;12/1/2012
245;The Next Challenge! Naruto vs. The Nine Tails!!;Manga Canon;2012;8.2;347;s12 Nine-Tailed Fox Taming And Karmic Encounters;19/1/2012
246;The Orange Spark;Manga Canon;2012;8.3;621;s12 Nine-Tailed Fox Taming And Karmic Encounters;26/1/2012
247;Target: Nine Tails;Manga Canon;2012;8.3;619;s12 Nine-Tailed Fox Taming And Karmic Encounters;2/2/2012
248;The Fourth Hokage's Death Match;Manga Canon;2012;9.2;1134;s12 Nine-Tailed Fox Taming And Karmic Encounters;9/2/2012
249;Thank You;Manga Canon;2012;9.3;1356;s12 Nine-Tailed Fox Taming And Karmic Encounters;9/2/2012
250;Battle in Paradise! the Odd Beast vs. the Monster!;Manga Canon;2012;8;327;s12 Nine-Tailed Fox Taming And Karmic Encounters;16/2/2012
251;The Man Named Kisame;Manga Canon;2012;8.4;347;s12 Nine-Tailed Fox Taming And Karmic Encounters;23/2/2012
252;The Angelic Herald of Death;Manga Canon;2012;8.1;340;s12 Nine-Tailed Fox Taming And Karmic Encounters;1/3/2012
253;The Bridge to Peace;Manga Canon;2012;8.5;459;s12 Nine-Tailed Fox Taming And Karmic Encounters;8/3/2012
254;The Super Secret S-Rank Mission;Mixed Canon/Filler;2012;6.8;268;s12 Nine-Tailed Fox Taming And Karmic Encounters;15/3/2012
255;The Artist Returns;Manga Canon;2012;7.5;281;s12 Nine-Tailed Fox Taming And Karmic Encounters;22/3/2012
256;Assemble! Allied Shinobi Forces!;Manga Canon;2012;8.4;384;s12 Nine-Tailed Fox Taming And Karmic Encounters;29/3/2012
257;Meeting;Filler;2012;6.1;206;s12 Nine-Tailed Fox Taming And Karmic Encounters;5/4/2012
258;Rivals;Filler;2012;5.7;197;s12 Nine-Tailed Fox Taming And Karmic Encounters;12/4/2012
259;Rift;Filler;2012;5.6;201;s12 Nine-Tailed Fox Taming And Karmic Encounters;19/4/2012
260;Parting;Filler;2012;6;197;s12 Nine-Tailed Fox Taming And Karmic Encounters;26/4/2012
261;For My Friend;Manga Canon;2012;7.7;312;s12 Nine-Tailed Fox Taming And Karmic Encounters;3/5/2012
262;War Begins!;Manga Canon;2012;8.2;303;s12 Nine-Tailed Fox Taming And Karmic Encounters;10/5/2012
263;Sai and Shin;Manga Canon;2012;7.9;291;s12 Nine-Tailed Fox Taming And Karmic Encounters;17/5/2012
264;Secrets of the Reanimation Jutsu;Manga Canon;2012;7.8;283;s12 Nine-Tailed Fox Taming And Karmic Encounters;24/5/2012
265;An Old Nemesis Returns;Manga Canon;2012;7.9;294;s12 Nine-Tailed Fox Taming And Karmic Encounters;31/5/2012
266;The First and Last Opponent;Manga Canon;2012;8.1;299;s12 Nine-Tailed Fox Taming And Karmic Encounters;7/6/2012
267;The Brilliant Military Advisor of the Hidden Leaf;Manga Canon;2012;7.5;268;s12 Nine-Tailed Fox Taming And Karmic Encounters;21/6/2012
268;Battleground!;Manga Canon;2012;7.6;271;s12 Nine-Tailed Fox Taming And Karmic Encounters;28/6/2012
269;Forbidden Words;Manga Canon;2012;7.8;272;s12 Nine-Tailed Fox Taming And Karmic Encounters;5/7/2012
270;Golden Bonds;Manga Canon;2012;7.9;276;s12 Nine-Tailed Fox Taming And Karmic Encounters;19/7/2012
271;Road to Sakura;Filler;2012;5.7;218;s12 Nine-Tailed Fox Taming And Karmic Encounters;26/7/2012
272;Mifune vs. Hanzo;Manga Canon;2012;7.8;295;s12 Nine-Tailed Fox Taming And Karmic Encounters;2/8/2012
273;True Kindness;Manga Canon;2012;7.3;268;s12 Nine-Tailed Fox Taming And Karmic Encounters;9/8/2012
274;The Complete Ino-Shika-Cho Formation!;Manga Canon;2012;7.5;277;s12 Nine-Tailed Fox Taming And Karmic Encounters;9/8/2012
275;A Message from the Heart;Manga Canon;2012;8;294;s12 Nine-Tailed Fox Taming And Karmic Encounters;16/8/2012
276;Attack of the Gedo Statue;Manga Canon;2012;7.8;270;s13 The Seven Shinobi Swordsmen;23/8/2012
277;Unison Sign;Manga Canon;2012;7.4;266;s13 The Seven Shinobi Swordsmen;30/8/2012
278;Medic Ninja in Danger;Manga Canon;2012;7.4;262;s13 The Seven Shinobi Swordsmen;6/9/2012
279;White Zetsu's Trap;Filler;2012;7;206;s13 The Seven Shinobi Swordsmen;13/9/2012
280;Aesthetics of an Artist;Filler;2012;6.7;201;s13 The Seven Shinobi Swordsmen;20/9/2012
281;The Allied Mom Force!;Filler;2012;5.3;195;s13 The Seven Shinobi Swordsmen;27/9/2012
282;The Secret Origin of the Ultimate Tag Team!;Manga Canon;2012;7.7;265;s13 The Seven Shinobi Swordsmen;4/10/2012
283;Two Suns;Manga Canon;2012;8.1;292;s13 The Seven Shinobi Swordsmen;11/10/2012
284;Helmet Splitter: Jinin Akebino!;Filler;2012;7.2;202;s13 The Seven Shinobi Swordsmen;18/10/2012
285;User of the Scorch Style: Pakura of the Sand!;Filler;2012;6.6;193;s13 The Seven Shinobi Swordsmen;25/10/2012
286;Things You Can't Get Back;Filler;2012;6.4;185;s13 The Seven Shinobi Swordsmen;1/11/2012
287;One Worth Betting On;Filler;2012;6.2;187;s13 The Seven Shinobi Swordsmen;1/11/2012
288;Danger: Jinpachi and Kushimaru!;Filler;2012;6.6;199;s13 The Seven Shinobi Swordsmen;8/11/2012
289;The Lightning Blade: Ameyuri Ringo!;Filler;2012;6.7;199;s13 The Seven Shinobi Swordsmen;15/11/2012
290;Power: Episode 1;Filler;2012;6.6;211;s13 The Seven Shinobi Swordsmen;22/11/2012
291;Power: Episode 2;Filler;2012;6.4;201;s13 The Seven Shinobi Swordsmen;29/11/2012
292;Power: Episode 3;Filler;2012;6.8;208;s13 The Seven Shinobi Swordsmen;6/12/2012
293;Power: Episode 4;Filler;2012;6.4;202;s13 The Seven Shinobi Swordsmen;13/12/2012
294;Power: Episode 5;Filler;2012;6.7;204;s13 The Seven Shinobi Swordsmen;20/12/2012
295;Power: Episode Final;Filler;2013;7.1;224;s13 The Seven Shinobi Swordsmen;10/1/2013
296;Naruto Enters the Battle;Manga Canon;2013;7.7;311;s14 The Fourth Great Ninja War - Assailants From Afar;17/1/2013
297;A Father's Hope, a Mother's Love;Manga Canon;2013;8.3;350;s14 The Fourth Great Ninja War - Assailants From Afar;24/1/2013
298;Contact! Naruto vs. Itachi;Manga Canon;2013;8.3;603;s14 The Fourth Great Ninja War - Assailants From Afar;31/1/2013
299;The Acknowledged One;Manga Canon;2013;8.5;384;s14 The Fourth Great Ninja War - Assailants From Afar;7/2/2013
300;The Mizukage, the Giant Clam, and the Mirage;Manga Canon;2013;8;295;s14 The Fourth Great Ninja War - Assailants From Afar;14/2/2013
301;Paradox;Manga Canon;2013;8.2;308;s14 The Fourth Great Ninja War - Assailants From Afar;21/2/2013
302;Terror! the Steam Imp;Manga Canon;2013;7.7;267;s14 The Fourth Great Ninja War - Assailants From Afar;28/2/2013
303;Ghosts from the Past;Filler;2013;6.7;202;s14 The Fourth Great Ninja War - Assailants From Afar;7/3/2013
304;The Underworld Transfer Jutsu;Filler;2013;6.3;199;s14 The Fourth Great Ninja War - Assailants From Afar;14/3/2013
305;The Vengeful;Filler;2013;6.5;194;s14 The Fourth Great Ninja War - Assailants From Afar;21/3/2013
306;The Heart's Eye;Filler;2013;6.2;195;s14 The Fourth Great Ninja War - Assailants From Afar;28/3/2013
307;Fade Into the Moonlight;Filler;2013;6.4;205;s14 The Fourth Great Ninja War - Assailants From Afar;4/4/2013
308;Crescent Moon Night;Filler;2013;6.3;194;s14 The Fourth Great Ninja War - Assailants From Afar;11/4/2013
309;The A-Rank Mission: Food Fight!;Filler;2013;5.5;186;s14 The Fourth Great Ninja War - Assailants From Afar;18/4/2013
310;The Fallen Castle;Filler;2013;5.7;181;s14 The Fourth Great Ninja War - Assailants From Afar;25/4/2013
311;Prologue of Road to Ninja;Filler;2013;7.5;244;s14 The Fourth Great Ninja War - Assailants From Afar;2/5/2013
312;The Old Master and the Dragon's Eye;Filler;2013;5.5;188;s14 The Fourth Great Ninja War - Assailants From Afar;9/5/2013
313;Rain Followed by Snow, with Some Lightning;Filler;2013;5.1;206;s14 The Fourth Great Ninja War - Assailants From Afar;16/5/2013
314;The Sad Sun Shower;Filler;2013;5.2;188;s14 The Fourth Great Ninja War - Assailants From Afar;23/5/2013
315;Lingering Snow;Filler;2013;5.8;185;s14 The Fourth Great Ninja War - Assailants From Afar;30/5/2013
316;The Reanimated Allied Forces;Filler;2013;6.2;192;s14 The Fourth Great Ninja War - Assailants From Afar;6/6/2013
317;Shino vs. Torune;Filler;2013;6.6;193;s14 The Fourth Great Ninja War - Assailants From Afar;13/6/2013
318;A Hole in the Heart: the Other Jinchuriki;Filler;2013;6.2;187;s14 The Fourth Great Ninja War - Assailants From Afar;20/6/2013
319;The Soul Living Inside the Puppet;Filler;2013;6.7;196;s14 The Fourth Great Ninja War - Assailants From Afar;27/6/2013
320;Run, Omoi!;Filler;2013;6.4;202;s14 The Fourth Great Ninja War - Assailants From Afar;4/7/2013
321;Reinforcements Arrive;Manga Canon;2013;8.1;309;s15 The Fourth Great Ninja War - Sasuke And Itachi;18/7/2013
322;Madara Uchiha;Manga Canon;2013;9.3;1600;s15 The Fourth Great Ninja War - Sasuke And Itachi;25/7/2013
323;The Five Kage Assemble;Manga Canon;2013;8.3;548;s15 The Fourth Great Ninja War - Sasuke And Itachi;1/8/2013
324;The Unbreakable Mask and the Shattered Bubble;Mixed Canon/Filler;2013;7.8;290;s15 The Fourth Great Ninja War - Sasuke And Itachi;8/8/2013
325;Jinchuriki vs. Jinchuriki!;Manga Canon;2013;8.1;296;s15 The Fourth Great Ninja War - Sasuke And Itachi;15/8/2013
326;Four Tails, the King of Sage Monkeys;Manga Canon;2013;8.3;299;s15 The Fourth Great Ninja War - Sasuke And Itachi;22/8/2013
327;Nine Tails;Mixed Canon/Filler;2013;7.2;292;s15 The Fourth Great Ninja War - Sasuke And Itachi;29/8/2013
328;Kurama;Mixed Canon/Filler;2013;7.9;327;s15 The Fourth Great Ninja War - Sasuke And Itachi;29/8/2013
329;Two-Man Team;Manga Canon;2013;8.5;736;s15 The Fourth Great Ninja War - Sasuke And Itachi;5/9/2013
330;Promise of Victory;Mixed Canon/Filler;2013;7.7;277;s15 The Fourth Great Ninja War - Sasuke And Itachi;12/9/2013
331;Eyes That See in the Dark;Mixed Canon/Filler;2013;7;265;s15 The Fourth Great Ninja War - Sasuke And Itachi;19/9/2013
332;The Will of Stone;Manga Canon;2013;8.2;295;s15 The Fourth Great Ninja War - Sasuke And Itachi;26/9/2013
333;The Risks of the Reanimation Jutsu;Manga Canon;2013;8.4;309;s15 The Fourth Great Ninja War - Sasuke And Itachi;3/10/2013
334;Sibling Tag Team;Manga Canon;2013;8.3;307;s15 The Fourth Great Ninja War - Sasuke And Itachi;10/10/2013
335;To Each Their Own Leaf;Manga Canon;2013;7.7;280;s15 The Fourth Great Ninja War - Sasuke And Itachi;24/10/2013
336;Kabuto Yakushi;Manga Canon;2013;7.7;282;s15 The Fourth Great Ninja War - Sasuke And Itachi;31/10/2013
337;The Izanami Activated;Manga Canon;2013;8.2;314;s15 The Fourth Great Ninja War - Sasuke And Itachi;7/11/2013
338;Izanagi and Izanami;Mixed Canon/Filler;2013;8.2;318;s15 The Fourth Great Ninja War - Sasuke And Itachi;14/11/2013
339;I Will Love You Always;Manga Canon;2013;9.1;1188;s15 The Fourth Great Ninja War - Sasuke And Itachi;21/11/2013
340;Reanimation Jutsu, Release!;Manga Canon;2013;8.3;317;s15 The Fourth Great Ninja War - Sasuke And Itachi;28/11/2013
341;Orochimaru's Return;Manga Canon;2013;8;293;s15 The Fourth Great Ninja War - Sasuke And Itachi;5/12/2013
342;Secret of the Transportation Technique;Manga Canon;2013;8.5;358;s15 The Fourth Great Ninja War - Sasuke And Itachi;12/12/2013
343;Who Are You?;Manga Canon;2013;8.5;660;s15 The Fourth Great Ninja War - Sasuke And Itachi;19/12/2013
344;Obito and Madara;Manga Canon;2014;8.3;583;s15 The Fourth Great Ninja War - Sasuke And Itachi;9/1/2014
345;I'm in Hell;Manga Canon;2014;9.2;1227;s15 The Fourth Great Ninja War - Sasuke And Itachi;16/1/2014
346;World of Dreams;Mixed Canon/Filler;2014;8.3;309;s15 The Fourth Great Ninja War - Sasuke And Itachi;23/1/2014
347;Creeping Shadow;Filler;2014;7.7;255;s15 The Fourth Great Ninja War - Sasuke And Itachi;23/1/2014
348;The New Akatsuki;Filler;2014;8.2;270;s15 The Fourth Great Ninja War - Sasuke And Itachi;30/1/2014
349;Kakashi: Shadow of the ANBU Black Ops – A Mask That Hides the Heart;Filler;2014;7.8;239;s16 Kakashi: Shadow Of The Anbu Black Ops;6/2/2014
350;Kakashi: Shadow of the ANBU Black Ops – Minato's Death;Filler;2014;8;261;s16 Kakashi: Shadow Of The Anbu Black Ops;13/2/2014
351;Kakashi: Shadow of the ANBU Black Ops: Hashirama's Cells;Filler;2014;7.3;210;s16 Kakashi: Shadow Of The Anbu Black Ops;20/2/2014
352;Kakashi: Shadow of the ANBU Black Ops: The Rogue Ninja Orochimaru;Filler;2014;7;210;s16 Kakashi: Shadow Of The Anbu Black Ops;27/2/2014
353;Kakashi: Shadow of the ANBU Black Ops – Orochimaru's Test Subjects;Filler;2014;6.9;200;s16 Kakashi: Shadow Of The Anbu Black Ops;6/3/2014
354;Kakashi: Shadow of the ANBU Black Ops – Their Own Paths;Filler;2014;7;200;s16 Kakashi: Shadow Of The Anbu Black Ops;6/3/2014
355;Kakashi: Shadow of the ANBU Black Ops – the Targeted Sharingan;Filler;2014;7.2;210;s16 Kakashi: Shadow Of The Anbu Black Ops;13/3/2014
356;Kakashi: Shadow of the ANBU Black Ops – a Shinobi of the Leaf;Filler;2014;7.3;212;s16 Kakashi: Shadow Of The Anbu Black Ops;20/3/2014
357;Kakashi: Shadow of the ANBU Black Ops – an Uchiha ANBU;Filler;2014;7.7;232;s16 Kakashi: Shadow Of The Anbu Black Ops;3/4/2014
358;Kakashi: Shadow of the ANBU Black Ops – Coup D'État;Filler;2014;8.3;297;s16 Kakashi: Shadow Of The Anbu Black Ops;10/4/2014
359;Kakashi: Shadow of the ANBU Black Ops – the Night of the Tragedy;Filler;2014;8.1;252;s16 Kakashi: Shadow Of The Anbu Black Ops;17/4/2014
360;Kakashi: Shadow of the ANBU Black Ops – Jonin Leader;Filler;2014;7.6;222;s16 Kakashi: Shadow Of The Anbu Black Ops;24/4/2014
361;Kakashi: Shadow of the ANBU Black Ops – Squad Seven;Filler;2014;8;258;s16 Kakashi: Shadow Of The Anbu Black Ops;8/5/2014
362;Kakashi's Resolve;Mixed Canon/Filler;2014;8.2;497;s17 The Fourth Great Ninja War - The Return Of Squad Seven;15/5/2014
363;The Allied Shinobi Forces Jutsu;Manga Canon;2014;8.5;628;s17 The Fourth Great Ninja War - The Return Of Squad Seven;22/5/2014
364;The Ties That Bind;Manga Canon;2014;9;1048;s17 The Fourth Great Ninja War - The Return Of Squad Seven;5/6/2014
365;Those Who Dance in the Shadows;Manga Canon;2014;8.6;676;s17 The Fourth Great Ninja War - The Return Of Squad Seven;12/6/2014
366;The All-Knowing;Manga Canon;2014;8.8;833;s17 The Fourth Great Ninja War - The Return Of Squad Seven;19/6/2014
367;Hashirama and Madara;Manga Canon;2014;8.2;491;s17 The Fourth Great Ninja War - The Return Of Squad Seven;3/7/2014
368;Era of Warring States;Manga Canon;2014;8.4;572;s17 The Fourth Great Ninja War - The Return Of Squad Seven;10/7/2014
369;My True Dream;Manga Canon;2014;8.3;524;s17 The Fourth Great Ninja War - The Return Of Squad Seven;24/7/2014
370;Sasuke's Answer;Manga Canon;2014;8.4;567;s17 The Fourth Great Ninja War - The Return Of Squad Seven;31/7/2014
371;Hole;Manga Canon;2014;8.5;361;s17 The Fourth Great Ninja War - The Return Of Squad Seven;7/8/2014
372;Something to Fill the Hole;Manga Canon;2014;8.8;899;s17 The Fourth Great Ninja War - The Return Of Squad Seven;14/8/2014
373;Team 7, Assemble!;Manga Canon;2014;8.2;499;s18 The Fourth Great Ninja War - Obito Uchiha Against The Shinobi Forces;21/8/2014
374;The New Three-Way Deadlock;Manga Canon;2014;8.3;439;s18 The Fourth Great Ninja War - Obito Uchiha Against The Shinobi Forces;28/8/2014
375;Kakashi vs. Obito;Manga Canon;2014;9.3;1732;s18 The Fourth Great Ninja War - Obito Uchiha Against The Shinobi Forces;4/9/2014
376;The Directive to Take the Nine Tails;Filler;2014;4.6;260;s18 The Fourth Great Ninja War - Obito Uchiha Against The Shinobi Forces;11/9/2014
377;Naruto vs. Mecha Naruto;Filler;2014;4.2;348;s18 The Fourth Great Ninja War - Obito Uchiha Against The Shinobi Forces;11/9/2014
378;The Ten Tails' Jinchuriki;Manga Canon;2014;8.2;446;s18 The Fourth Great Ninja War - Obito Uchiha Against The Shinobi Forces;18/9/2014
379;An Opening;Manga Canon;2014;8.4;548;s18 The Fourth Great Ninja War - Obito Uchiha Against The Shinobi Forces;25/9/2014
380;The Day Naruto Was Born;Manga Canon;2014;8.2;496;s18 The Fourth Great Ninja War - Obito Uchiha Against The Shinobi Forces;2/10/2014
381;The Divine Tree;Manga Canon;2014;8.2;535;s18 The Fourth Great Ninja War - Obito Uchiha Against The Shinobi Forces;9/10/2014
382;A Shinobi's Dream;Manga Canon;2014;8.2;436;s18 The Fourth Great Ninja War - Obito Uchiha Against The Shinobi Forces;16/10/2014
383;Pursuing Hope;Manga Canon;2014;8.5;348;s18 The Fourth Great Ninja War - Obito Uchiha Against The Shinobi Forces;23/10/2014
384;A Heart Filled With Comrades;Manga Canon;2014;8.2;506;s18 The Fourth Great Ninja War - Obito Uchiha Against The Shinobi Forces;30/10/2014
385;Obito Uchiha;Mixed Canon/Filler;2014;8.1;308;s18 The Fourth Great Ninja War - Obito Uchiha Against The Shinobi Forces;6/11/2014
386;I'm Always Watching;Mixed Canon/Filler;2014;7.9;266;s18 The Fourth Great Ninja War - Obito Uchiha Against The Shinobi Forces;13/11/2014
387;The Promise That Was Kept;Manga Canon;2014;8.4;300;s18 The Fourth Great Ninja War - Obito Uchiha Against The Shinobi Forces;20/11/2014
388;My First Friend;Filler;2014;6.4;201;s18 The Fourth Great Ninja War - Obito Uchiha Against The Shinobi Forces;27/11/2014
389;The Adored Elder Sister;Filler;2014;6.3;174;s18 The Fourth Great Ninja War - Obito Uchiha Against The Shinobi Forces;4/12/2014
390;Hanabi's Decision;Filler;2014;6.7;173;s18 The Fourth Great Ninja War - Obito Uchiha Against The Shinobi Forces;4/12/2014
391;Madara Uchiha Arises;Manga Canon;2014;8.4;610;s18 The Fourth Great Ninja War - Obito Uchiha Against The Shinobi Forces;11/12/2014
392;The Hidden Heart;Manga Canon;2014;8.3;581;s18 The Fourth Great Ninja War - Obito Uchiha Against The Shinobi Forces;18/12/2014
393;A True Ending;Manga Canon;2014;8.6;766;s18 The Fourth Great Ninja War - Obito Uchiha Against The Shinobi Forces;25/12/2014
394;The New Chunin Exams;Filler;2015;6.4;178;s19 Naruto'S Back ~The Tracks Of His Friends;8/1/2015
395;The Chunin Exams Begin!;Filler;2015;6;170;s19 Naruto'S Back ~The Tracks Of His Friends;15/1/2015
396;The Three Questions;Filler;2015;6.6;172;s19 Naruto'S Back ~The Tracks Of His Friends;22/1/2015
397;One Worthy As A Leader;Filler;2015;6.7;167;s19 Naruto'S Back ~The Tracks Of His Friends;29/1/2015
398;The Night Before the Second Exam;Filler;2015;6.4;166;s19 Naruto'S Back ~The Tracks Of His Friends;5/2/2015
399;Demon Desert Survival;Filler;2015;6.2;165;s19 Naruto'S Back ~The Tracks Of His Friends;12/2/2015
400;As a Taijutsu User;Filler;2015;6.1;169;s19 Naruto'S Back ~The Tracks Of His Friends;19/2/2015
401;The Ultimate;Filler;2015;7.1;179;s19 Naruto'S Back ~The Tracks Of His Friends;26/2/2015
402;Escape vs. Pursuit;Filler;2015;5.8;169;s19 Naruto'S Back ~The Tracks Of His Friends;5/3/2015
403;Unwavering Gutsiness;Filler;2015;5.8;166;s19 Naruto'S Back ~The Tracks Of His Friends;12/3/2015
404;Tenten's Troubles;Filler;2015;5.7;165;s19 Naruto'S Back ~The Tracks Of His Friends;19/3/2015
405;The Imprisoned Pair;Filler;2015;5.9;163;s19 Naruto'S Back ~The Tracks Of His Friends;26/3/2015
406;The Place Where I Belong;Filler;2015;5.7;164;s19 Naruto'S Back ~The Tracks Of His Friends;2/4/2015
407;The Yamanaka Clan: Secret Ninjutsu;Filler;2015;5.8;164;s19 Naruto'S Back ~The Tracks Of His Friends;9/4/2015
408;The Cursed Puppet;Filler;2015;6.1;164;s19 Naruto'S Back ~The Tracks Of His Friends;16/4/2015
409;Their Backs;Filler;2015;6.2;163;s19 Naruto'S Back ~The Tracks Of His Friends;23/4/2015
410;The Hidden Plot Set Into Motion;Filler;2015;6.3;164;s19 Naruto'S Back ~The Tracks Of His Friends;30/4/2015
411;The Targeted Tailed Beast;Filler;2015;6.1;164;s19 Naruto'S Back ~The Tracks Of His Friends;7/5/2015
412;Neji’s Judgement;Filler;2015;6.2;165;s19 Naruto'S Back ~The Tracks Of His Friends;14/5/2015
413;Hopes Entrusted to the Future;Filler;2015;6.5;166;s19 Naruto'S Back ~The Tracks Of His Friends;21/5/2015
414;On the Brink of Death;Manga Canon;2015;8.4;404;s20 Infinite Tsukuyomi: The Invocation;28/5/2015
415;The Two Mangekyo;Mixed Canon/Filler;2015;8.2;298;s20 Infinite Tsukuyomi: The Invocation;4/6/2015
416;The Formation of Team Minato;Filler;2015;7;200;s20 Infinite Tsukuyomi: The Invocation;11/6/2015
417;You’ll Be My Backup;Filler;2015;8.1;263;s20 Infinite Tsukuyomi: The Invocation;25/6/2015
418;The Blue Beast vs Six Paths Madara;Manga Canon;2015;8.4;341;s20 Infinite Tsukuyomi: The Invocation;2/7/2015
419;Papa's Youth;Mixed Canon/Filler;2015;8.2;453;s20 Infinite Tsukuyomi: The Invocation;9/7/2015
420;The Eight Inner Gates Formation;Manga Canon;2015;8.6;733;s20 Infinite Tsukuyomi: The Invocation;23/7/2015
421;The Sage of the Six Paths;Manga Canon;2015;9.1;1205;s20 Infinite Tsukuyomi: The Invocation;30/7/2015
422;The One Who Will Inherit;Filler;2015;6.6;174;s20 Infinite Tsukuyomi: The Invocation;6/8/2015
423;Naruto's Rival;Filler;2015;6.9;180;s20 Infinite Tsukuyomi: The Invocation;6/8/2015
424;To Rise Up;Manga Canon;2015;8.8;881;s20 Infinite Tsukuyomi: The Invocation;13/8/2015
425;The Infinite Dream;Manga Canon;2015;8.4;631;s20 Infinite Tsukuyomi: The Invocation;20/8/2015
426;The Infinite Tsukuyomi;Mixed Canon/Filler;2015;8.4;302;s20 Infinite Tsukuyomi: The Invocation;27/8/2015
427;To the Dream World;Filler;2015;5.8;186;s20 Infinite Tsukuyomi: The Invocation;3/9/2015
428;Where Tenten Belongs;Filler;2015;5.8;176;s20 Infinite Tsukuyomi: The Invocation;3/9/2015
429;Killer Bee Rappuden, Part 1;Filler;2015;5.2;176;s20 Infinite Tsukuyomi: The Invocation;10/9/2015
430;Killer Bee Rappuden, Part 2;Filler;2015;5.2;172;s20 Infinite Tsukuyomi: The Invocation;17/9/2015
431;To See That Smile, Just One More Time;Filler;2015;6.1;172;s20 Infinite Tsukuyomi: The Invocation;24/9/2015
432;The Loser Ninja;Filler;2015;5.6;166;s20 Infinite Tsukuyomi: The Invocation;1/10/2015
433;The Search Mission;Filler;2015;5.6;166;s20 Infinite Tsukuyomi: The Invocation;8/10/2015
434;Team Jiraiya;Filler;2015;5.1;198;s20 Infinite Tsukuyomi: The Invocation;15/10/2015
435;Order of Priority;Filler;2015;5.2;164;s20 Infinite Tsukuyomi: The Invocation;22/10/2015
436;The Masked Man;Filler;2015;5.3;165;s20 Infinite Tsukuyomi: The Invocation;5/11/2015
437;The Sealed Power;Filler;2015;5.3;166;s20 Infinite Tsukuyomi: The Invocation;12/11/2015
438;The Rules or a Comrade;Filler;2015;5.6;165;s20 Infinite Tsukuyomi: The Invocation;19/11/2015
439;The Child of Prophecy;Filler;2015;5.7;164;s20 Infinite Tsukuyomi: The Invocation;26/11/2015
440;The Caged Bird;Filler;2015;5.8;166;s20 Infinite Tsukuyomi: The Invocation;3/12/2015
441;Returning Home;Filler;2015;5.3;165;s20 Infinite Tsukuyomi: The Invocation;10/12/2015
442;The Mutual Path;Filler;2015;6;165;s20 Infinite Tsukuyomi: The Invocation;17/12/2015
443;The Difference in Power;Filler;2015;5.7;167;s20 Infinite Tsukuyomi: The Invocation;24/12/2015
444;Leaving the Village;Filler;2016;5.9;166;s20 Infinite Tsukuyomi: The Invocation;14/1/2016
445;Pursuers;Filler;2016;5.5;168;s20 Infinite Tsukuyomi: The Invocation;21/1/2016
446;Collision;Filler;2016;5.6;167;s20 Infinite Tsukuyomi: The Invocation;28/1/2016
447;Another Moon;Filler;2016;5.6;168;s20 Infinite Tsukuyomi: The Invocation;4/2/2016
448;Comrade;Filler;2016;5.3;167;s20 Infinite Tsukuyomi: The Invocation;11/2/2016
449;The Shinobi Unite;Filler;2016;5.1;203;s20 Infinite Tsukuyomi: The Invocation;18/2/2016
450;Rival;Filler;2016;6.1;169;s20 Infinite Tsukuyomi: The Invocation;25/2/2016
451;Itachi's Story - Light and Darkness: Birth and Death;Mixed Canon/Filler;2016;7.8;268;s20 Infinite Tsukuyomi: The Invocation;3/3/2016
452;Itachi's Story - Light and Darkness: the Genius;Mixed Canon/Filler;2016;8;254;s20 Infinite Tsukuyomi: The Invocation;10/3/2016
453;Itachi's Story - Light and Darkness: The Pain of Living;Mixed Canon/Filler;2016;7.2;237;s20 Infinite Tsukuyomi: The Invocation;17/3/2016
454;Itachi's Story - Light and Darkness: Shisui's Request;Mixed Canon/Filler;2016;8;253;s20 Infinite Tsukuyomi: The Invocation;24/3/2016
455;Itachi's Story - Light and Darkness: Moonlit Night;Mixed Canon/Filler;2016;8.3;616;s20 Infinite Tsukuyomi: The Invocation;7/4/2016
456;Itachi's Story - Light and Darkness: the Darkness of the Akatsuki;Mixed Canon/Filler;2016;8;252;s20 Infinite Tsukuyomi: The Invocation;14/4/2016
457;Itachi's Story - Light and Darkness: Partner;Mixed Canon/Filler;2016;8.3;260;s20 Infinite Tsukuyomi: The Invocation;21/4/2016
458;Itachi's Story - Light and Darkness: Truth;Mixed Canon/Filler;2016;8.4;387;s20 Infinite Tsukuyomi: The Invocation;28/4/2016
459;She of the Beginning;Manga Canon;2016;8.4;376;s20 Infinite Tsukuyomi: The Invocation;5/5/2016
460;Kaguya Otsutsuki;Mixed Canon/Filler;2016;7.6;249;s20 Infinite Tsukuyomi: The Invocation;12/5/2016
461;Hagoromo and Hamura;Mixed Canon/Filler;2016;8;254;s20 Infinite Tsukuyomi: The Invocation;19/5/2016
462;A Fabricated Past;Mixed Canon/Filler;2016;8.2;270;s20 Infinite Tsukuyomi: The Invocation;26/5/2016
463;The No. 1 Most Unpredictable Ninja;Manga Canon;2016;8.4;314;s20 Infinite Tsukuyomi: The Invocation;2/6/2016
464;Ninshu: The Ninja Creed;Filler;2016;7.7;217;s20 Infinite Tsukuyomi: The Invocation;9/6/2016
465;Ashura and Indra;Filler;2016;7.5;210;s20 Infinite Tsukuyomi: The Invocation;16/6/2016
466;The Tumultuous Journey;Filler;2016;7.5;208;s20 Infinite Tsukuyomi: The Invocation;30/6/2016
467;Ashura's Decision;Filler;2016;7.8;212;s20 Infinite Tsukuyomi: The Invocation;7/7/2016
468;The Successor;Filler;2016;8.2;255;s20 Infinite Tsukuyomi: The Invocation;21/7/2016
469;A Special Mission;Mixed Canon/Filler;2016;8;274;s20 Infinite Tsukuyomi: The Invocation;28/7/2016
470;Connecting Thoughts;Manga Canon;2016;8.3;444;s20 Infinite Tsukuyomi: The Invocation;4/8/2016
471;The Two of Them...Always;Mixed Canon/Filler;2016;8.4;328;s20 Infinite Tsukuyomi: The Invocation;11/8/2016
472;You Better...;Mixed Canon/Filler;2016;8.2;591;s20 Infinite Tsukuyomi: The Invocation;18/8/2016
473;The Sharingan Revived;Manga Canon;2016;8.5;744;s20 Infinite Tsukuyomi: The Invocation;25/8/2016
474;Congratulations;Manga Canon;2016;9.2;1334;s20 Infinite Tsukuyomi: The Invocation;1/9/2016
475;The Final Valley;Manga Canon;2016;8.2;706;s20 Infinite Tsukuyomi: The Invocation;8/9/2016
476;The Final Battle;Manga Canon;2016;9.3;1596;s20 Infinite Tsukuyomi: The Invocation;29/9/2016
477;Naruto and Sasuke;Manga Canon;2016;9.5;2780;s20 Infinite Tsukuyomi: The Invocation;29/9/2016
478;The Unison Sign;Mixed Canon/Filler;2016;9.2;1304;s20 Infinite Tsukuyomi: The Invocation;6/10/2016
479;Naruto Uzumaki!!;Mixed Canon/Filler;2016;8.6;862;s20 Infinite Tsukuyomi: The Invocation;13/10/2016
480;Naruto and Hinata;Filler;2016;7.4;309;s21 Series;20/10/2016
481;Sasuke and Sakura;Filler;2016;6.6;261;s21 Series;27/10/2016
482;Gaara and Shikamaru;Filler;2016;6.7;261;s21 Series;3/11/2016
483;Jiraiya and Kakashi;Filler;2016;6.8;259;s21 Series;10/11/2016
484;Sasuke’s Story - Sunrise, Part 1: The Exploding Human;Manga Canon;2016;7.4;313;s21 Series;1/12/2016
485;Sasuke's Story - Sunrise, Part 2: Coliseum;Manga Canon;2016;7.4;304;s21 Series;8/12/2016
486;Sasuke’s Story - Sunrise, Part 3: Fuushin;Manga Canon;2016;7.4;293;s21 Series;15/12/2016
487;Sasuke’s Story - Sunrise, Part 4: The Ketsuryugan;Manga Canon;2016;7.1;294;s21 Series;22/12/2016
488;Sasuke’s Story: Sunrise, Part 5: The Last One;Manga Canon;2017;8;356;s21 Series;5/1/2017
489;Shikamaru’s Story, A Cloud Drifting in the Silent Dark, Part 1: The State of Affairs;Manga Canon;2017;7.5;305;s21 Series;12/1/2017
490;Shikamaru’s Story, a Cloud Drifting in the Silent Dark, Part 2: Dark Clouds;Manga Canon;2017;7.1;293;s21 Series;19/1/2017
491;Shikamaru’s Story, a Cloud Drifting in the Silent Dark, Part 3: Recklessness;Manga Canon;2017;7.1;290;s21 Series;26/1/2017
492;Shikamaru’s Story, a Cloud Drifting in the Silent Dark, Part 4: Cloud of Suspicion;Manga Canon;2017;7.2;289;s21 Series;2/2/2017
493;Shikamaru’s Story, a Cloud Drifting in the Silent Dark, Part 5: Dawn;Manga Canon;2017;7.4;298;s21 Series;9/2/2017
494;Hidden Leaf Story, the Perfect Day for a Wedding, Part 1: Naruto’s Wedding;Manga Canon;2017;7.3;303;s21 Series;16/2/2017
495;Hidden Leaf Story, the Perfect Day for a Wedding, Part 2: A Full-Powered Wedding Gift;Manga Canon;2017;6.7;313;s21 Series;16/2/2017
496;Hidden Leaf Story, the Perfect Day for a Wedding, Part 3: Steam and Food Pills;Manga Canon;2017;7.5;313;s21 Series;23/2/2017
497;Hidden Leaf Story, the Perfect Day for a Wedding, Part 4: the Kazekage’s Wedding Gift;Manga Canon;2017;7.2;301;s21 Series;2/3/2017
498;Hidden Leaf Story, the Perfect Day for a Wedding, Part 5: The Last Mission;Manga Canon;2017;6.8;305;s21 Series;9/3/2017
499;Hidden Leaf Story, the Perfect Day for a Wedding, Part 6: The Outcome of the Secret Mission;Manga Canon;2017;7.6;323;s21 Series;16/3/2017
500;Hidden Leaf Story, the Perfect Day for a Wedding, Part 7: The Message;Manga Canon;2017;8.8;1288;s21 Series;23/3/2017
